Game,Predicted Rating
Undertale,4.248738689882908
Portal,4.09881166696393
Dark Souls,4.070323363697515
